Date,Close,High,Low,Open,Volume
2024-07-15,2736.432861328125,2770.582593184092,2651.701835768545,2665.7083200631555,13211
2024-07-16,2836.06103515625,2845.811128208108,2744.104313104323,2763.8021786834875,17376
2024-07-18,2717.922607421875,2851.205441990771,2676.1511021110314,2840.8615866366217,11187
2024-07-19,2544.451904296875,2717.922635369127,2492.930306450591,2717.922635369127,20239
2024-07-22,2549.005126953125,2604.238653520907,2507.0852396336363,2524.110564520762,7513
2024-07-23,2421.018310546875,2592.410287694339,2381.6223364984717,2587.2135889503925,21119
2024-07-24,2687.138427734375,2710.6473012034826,2421.018125061244,2421.018125061244,24117
2024-07-25,3066.200439453125,3187.3083551400723,2634.132086341746,2686.247692487397,113883
2024-07-26,3180.08251953125,3344.6941814708,3004.1866945143174,3014.3821705084856,126480
2024-07-29,3068.477294921875,3215.9645525050246,3052.144813377432,3167.5611129562762,24884
2024-07-30,2995.624267578125,3125.3930947113404,2970.6306249672034,3068.526419558678,19282
2024-07-31,3084.56201171875,3162.5620248582827,2996.663525887955,3017.8464024444147,10422
2024-08-01,3053.97607421875,3132.8173189022496,3007.106705578564,3088.3732695966874,8806
2024-08-02,3021.85546875,3224.279244432208,2912.0812566469335,3046.750032028536,47623
2024-08-05,2753.55712890625,3019.034113074372,2722.0799380178764,3019.034113074372,20621
2024-08-06,2561.97216796875,2856.451727505388,2542.472225299886,2766.6230887559764,31127
2024-08-07,2600.82373046875,2635.913768242973,2539.0078161112137,2597.359264985728,19414
2024-08-08,2623.29345703125,2711.191952000231,2603.298588448561,2639.823859811821,18886
2024-08-09,2649.27685546875,2719.1106333918924,2613.691892053619,2672.5878085759405,22424
2024-08-12,2580.23486328125,2655.7602592777794,2563.2590790490376,2655.7602592777794,12010
2024-08-13,2561.774169921875,2618.8883067156335,2545.837532866623,2584.441574806304,5266
2024-08-14,2482.58642578125,2573.355369618902,2468.679023686717,2573.355369618902,6682
2024-08-16,2505.451904296875,2532.3759442677383,2470.4114064358255,2486.5955065044777,9043
2024-08-19,2452.89111328125,2542.917675532628,2439.9735578777454,2494.4646992572602,9058
2024-08-20,2409.239013671875,2497.5828934902283,2392.1146054419196,2464.720008377586,13068
2024-08-21,2466.55126953125,2509.2630869500554,2414.9305841062874,2415.227586650152,10986
2024-08-22,2506.488525390625,2526.3332538534137,2448.0456547205795,2472.504427898099,6966
2024-08-23,2456.67822265625,2512.739584203494,2442.886232377235,2506.488688128043,4096
2024-08-26,2403.395263671875,2480.591313806585,2386.3288438819345,2455.7854006685193,7172
2024-08-27,2423.686279296875,2430.9793141373784,2382.359727854631,2382.359727854631,5890
2024-08-28,2386.279052734375,2452.7588962983946,2381.367530651453,2423.686319245978,6017
2024-08-29,2351.798828125,2430.9793467245013,2341.678064599928,2403.49444500854,6288
2024-08-30,2343.811279296875,2385.237151894356,2331.7557030917487,2351.7988313245974,5762
2024-09-02,2309.380615234375,2378.390706932117,2302.0878228693878,2367.1287266282384,5299
2024-09-03,2413.565673828125,2420.660310290929,2294.1004937576636,2294.150154032696,7698
2024-09-04,2479.4501953125,2627.4421676376537,2406.1734352421868,2413.1190905191743,34890
2024-09-05,2457.025634765625,2516.0140462809654,2416.0958791132953,2514.327292678887,6112
2024-09-06,2408.009033203125,2529.260274292568,2382.359625056512,2455.7851195397197,15148
2024-09-09,2406.07421875,2416.8897420676035,2339.743353333371,2408.0092737427435,5820
2024-09-10,2454.644287109375,2505.347425356551,2411.1346210212487,2411.1346210212487,8121
2024-09-11,2411.531494140625,2469.8750488244805,2407.165750436116,2469.8750488244805,5292
2024-09-12,2339.296630859375,2434.9481228117593,2321.733852803314,2408.2074003114226,6412
2024-09-13,2386.130126953125,2409.5964207555644,2345.0019769016712,2368.8156503398354,10832
2024-09-16,2414.508056640625,2433.7575889272894,2381.3674564366383,2399.723830580004,5087
2024-09-17,2434.2041015625,2451.8162987714004,2395.258820410425,2429.2925795223036,3583
2024-09-18,2385.832763671875,2450.8242571301853,2356.5617857021016,2409.8448395234527,2198
2024-09-19,2352.294921875,2406.2230702503393,2346.6392225150244,2380.9707008503337,3066
2024-09-20,2413.069580078125,2421.7516497134434,2346.639392860366,2362.614497887451,2858
2024-09-23,2436.436767578125,2458.5140300821417,2388.114897647595,2421.0571015640908,3571
2024-09-24,2434.055419921875,2455.7853020601924,2397.24334940502,2397.24334940502,5244
2024-09-25,2594.5498046875,2641.3833207670696,2432.9639878002986,2432.9639878002986,21482
2024-09-26,2567.26318359375,2655.4729108042,2551.1393406042803,2603.6285541149823,8412
2024-09-27,2466.799072265625,2567.263010263277,2447.797599386097,2567.263010263277,4485
2024-09-30,2439.16552734375,2497.1120456381122,2415.5999090077735,2480.6410640641193,3166
2024-10-01,2425.9189453125,2455.735700873671,2412.1269547277843,2414.756284580008,2265
2024-10-03,2370.05615234375,2503.36297804623,2347.6315110041123,2347.6315110041123,2822
2024-10-04,2324.6611328125,2418.129752687566,2310.521764196592,2393.7703007633972,3250
2024-10-07,2219.732177734375,2360.5800881940577,2207.7260202318807,2360.5800881940577,6207
2024-10-08,2250.73974609375,2277.182751737619,2214.6221923966077,2219.7323556833794,2688
2024-10-09,2356.908935546875,2371.395442290704,2219.6329265402283,2219.6329265402283,3103
2024-10-10,2332.896728515625,2380.37534149991,2321.03955089926,2357.5539022108323,1884
2024-10-11,2330.416015625,2337.163271859435,2311.9109029352176,2321.0890899962264,950
2024-10-14,2325.851806640625,2377.2991191814376,2321.833200728782,2323.9664121134156,2120
2024-10-15,2323.4208984375,2361.770739180127,2312.95275575535,2361.770739180127,2089
2024-10-16,2319.40234375,2339.7431908136646,2306.9497279522234,2318.8565652577836,2604
2024-10-17,2311.910888671875,2344.1089124706423,2301.0459481805947,2341.6779816590665,2672
2024-10-18,2388.263671875,2402.1053230451867,2292.0663885616877,2311.960779474227,3503
2024-10-21,2341.727783203125,2397.6898244970726,2313.8955011319713,2390.297711075008,1459
2024-10-22,2278.224609375,2344.1090144892682,2255.7008898168083,2342.5709995022826,3247
2024-10-23,2267.210693359375,2287.849260563587,2257.3876491191927,2287.749940017632,1751
2024-10-24,2212.340087890625,2267.210816589407,2183.9126081313125,2267.210816589407,3532
2024-10-25,2208.023681640625,2249.945669014168,2185.4999640925216,2222.609508088413,3190
2024-10-28,2343.61279296875,2624.465363597903,2187.1868163049453,2220.724456167831,37078
2024-10-29,2294.447509765625,2404.8338167373163,2282.193534743322,2343.662535434916,2529
2024-10-30,2365.343017578125,2399.8232350807493,2309.9761738299003,2311.762247933759,4370
2024-10-31,2335.97265625,2399.227729770628,2321.833286874801,2361.423424227268,2012
2024-11-01,2368.1708984375,2399.6247482648587,2314.8878447590064,2314.8878447590064,812
2024-11-04,2380.52392578125,2403.742403508891,2331.8549228567463,2399.624476991711,2296
2024-11-05,2382.70703125,2530.202878629677,2363.507159567016,2417.236664973946,13213
2024-11-06,2415.4013671875,2470.6688919437806,2373.7770943445635,2393.324105000452,12312
2024-11-07,2547.4677734375,2571.876887088047,2381.3674880444883,2381.3674880444883,13465
2024-11-08,2652.396728515625,2764.4700276109747,2548.1128245759696,2549.997976903807,43558
2024-11-11,2622.133544921875,2659.1936730469442,2562.4009593718806,2629.4265796919412,5538
2024-11-12,2547.517578125,2748.5944521427054,2526.1844931685873,2612.012951249039,5147
2024-11-13,2477.16796875,2616.4282097817613,2429.0941609820334,2509.3659932471264,7504
2024-11-14,2437.62744140625,2597.625582302235,2406.0248531872767,2477.118503856293,7677
2024-11-18,2412.47412109375,2464.6656115344276,2382.409309063515,2446.606957106321,5141
2024-11-19,2418.130126953125,2472.5047382146013,2402.204681913939,2432.864694338904,1856
2024-11-21,2363.407958984375,2454.6442965054835,2333.8395058746046,2418.129945837001,4322
2024-11-22,2366.930419921875,2452.758873888248,2347.6314691842626,2387.023208278165,4166
2024-11-25,2625.060791015625,2665.1470458118015,2396.3006340736874,2403.4446879067896,16503
2024-11-26,2650.462158203125,2679.038618583734,2589.8860698783215,2619.504427059651,5241
2024-11-27,2593.259765625,2746.510645345616,2547.616886403216,2625.457791757406,6574
2024-11-28,2579.616455078125,2628.4344415572073,2557.9856513153945,2589.7372187483243,3395
2024-11-29,2576.6396484375,2618.2639188499443,2538.736264693246,2618.2639188499443,4917
2024-12-02,2583.238037109375,2604.472043306908,2569.8925047903026,2569.8925047903026,2047
2024-12-03,2595.740478515625,2663.6093617274432,2566.5191605284604,2603.6287106495256,3579
2024-12-04,2578.971435546875,2620.099832801832,2574.853750916531,2616.6270050067615,2888
2024-12-05,2577.384033203125,2653.0917284873594,2551.2881641542676,2604.769615937906,4525
2024-12-06,2531.542724609375,2585.867673701892,2515.319560722006,2560.0198640864496,2889
2024-12-09,2500.783203125,2555.9514037243475,2481.583331153809,2526.4323696972283,3193
2024-12-10,2459.903076171875,2525.2916083069576,2446.85526280804,2504.4546413487383,1939
2024-12-11,2412.325439453125,2484.6099686454313,2405.181384779069,2460.7962915684107,5011
2024-12-12,2370.30419921875,2437.8753577910848,2364.053060979796,2429.9871262671527,2996
2024-12-13,2428.250732421875,2454.7930583355683,2370.8994152695964,2405.1812341978243,2746
2024-12-16,2430.58251953125,2466.6998296317897,2411.134588095434,2464.715356719777,1330
2024-12-17,2418.130126953125,2458.71250485481,2387.321133698859,2440.9019072731476,2362
2024-12-18,2410.48974609375,2437.9249873726435,2393.3736671225743,2435.9405144484494,1063
2024-12-19,2387.37060546875,2457.869055063346,2371.4451616870356,2429.9871133772176,2543
2024-12-20,2353.237548828125,2420.114432868558,2349.615982577398,2420.114432868558,2031
2024-12-23,2363.556884765625,2420.908200039086,2354.6267567133805,2388.5115345913064,2074
2024-12-24,2385.237060546875,2400.0711889924987,2346.6391602634635,2391.2897996765105,1037
2024-12-26,2382.905517578125,2391.6372468700997,2374.322526856972,2391.6372468700997,476
2024-12-27,2379.82958984375,2394.266679397328,2361.8702545041588,2361.8702545041588,617
2024-12-30,2380.57373046875,2421.057027575619,2366.4840208064966,2371.693262361731,2915
2024-12-31,2380.772216796875,2395.1102283528826,2369.312078750453,2373.1817042927196,1659
2025-01-01,2372.4375,2402.849452192242,2366.5834014777706,2390.793875470514,1927
2025-01-02,2345.250244140625,2477.1183756096543,2320.5930706817862,2396.2511023822613,8301
2025-01-03,2395.8544921875,2432.9143823178842,2348.673595359417,2357.008285556665,2691
2025-01-06,2350.906005859375,2393.224796009584,2321.8830880126475,2383.848209461997,3504
2025-01-07,2363.01123046875,2387.1226259261502,2349.8144365377643,2372.2887386642983,1215
2025-01-08,2337.461181640625,2371.8420801553884,2321.833456452961,2362.4158332167976,4461
2025-01-09,2327.63818359375,2361.622285079065,2316.8723202397186,2361.622285079065,2684
2025-01-10,2246.621826171875,2340.5865739098253,2206.2378492269327,2327.3403620331414,4817
2025-01-13,2174.38671875,2264.2337719252146,2139.3609681305547,2200.0361262187257,13613
2025-01-14,2210.702880859375,2234.218837022701,2116.0930354469447,2156.0305538287175,2454
2025-01-15,2173.54345703125,2231.1428275081835,2140.6506755906767,2211.298099849995,4844
2025-01-16,2177.611572265625,2204.2532171631874,2153.5004209449594,2199.391355580925,2721
2025-01-17,2206.386474609375,2244.290100614575,2162.97613012915,2169.872367219904,2732
2025-01-20,2191.056640625,2215.763475383407,2163.0756191384053,2210.5045733648926,2264
2025-01-21,2183.41650390625,2224.5446599956754,2177.959202942158,2202.120259563101,1049
2025-01-22,2156.576416015625,2172.4522003361453,2128.3473354697485,2160.098904110789,3644
2025-01-23,2155.584228515625,2232.5322208430657,2124.2296991167123,2124.2296991167123,2554
2025-01-24,2167.937255859375,2180.4395316419627,2150.67243905982,2170.021049238213,808
2025-01-27,2091.23779296875,2163.720477184492,2072.3852990299843,2139.7084017746924,3546
2025-01-28,2073.32763671875,2111.9255361278542,2044.0566626554557,2111.9255361278542,3465
2025-01-29,2078.933837890625,2122.3938444447112,2064.2983497159826,2093.618986338635,3907
2025-01-30,2030.066162109375,2290.0817781318397,1995.4867452732854,2103.541321334272,16517
2025-01-31,1942.5509033203125,2044.0070799845964,1904.7962580783478,2009.8245828484623,15239
2025-02-01,1930.69384765625,2011.2634037377932,1924.9388274550165,1936.8456655629857,1746
2025-02-03,1886.5887451171875,1948.2066042787433,1871.3579398734926,1906.0862155339232,2984
2025-02-04,1889.416748046875,1924.9388641960368,1861.4853866835722,1894.7253103694316,4177
2025-02-05,1886.142333984375,1933.8688840664693,1880.5858339653005,1909.0133119920429,2434
2025-02-06,1895.171630859375,1968.5474683276334,1870.316059188849,1914.024123522374,4453
2025-02-07,1862.527099609375,1908.2691777814964,1838.7134237412733,1884.7532213107936,6906
2025-02-10,1823.1353759765625,1882.0742485161354,1810.831619107146,1862.5271167212425,2213
2025-02-11,1787.166748046875,1817.4794996315695,1766.1809224127842,1813.9074725523367,1314
2025-02-12,1755.514404296875,1803.8859330290907,1677.5741798085346,1803.8362727557028,5432
2025-02-13,1726.6898193359375,1820.4066245760448,1701.6855092812582,1758.2429868492068,3570
2025-02-14,1670.28125,1745.3936240124458,1658.027153728683,1721.5302882820258,5543
2025-02-17,1619.825927734375,1681.7910426464416,1588.8185401437474,1662.0456351268163,4767
2025-02-18,1580.6822509765625,1633.221120090579,1567.7335174624027,1606.6291360288824,2995
2025-02-19,1592.390625,1628.9049744064318,1572.6947559091927,1587.5783024950842,4349
2025-02-20,1586.834228515625,1635.2554183444215,1567.088697867802,1593.1845663637225,4703
2025-02-21,1605.636962890625,1628.2600022298843,1567.733579234136,1601.0231603308425,2810
2025-02-24,1589.5628662109375,1615.3610151007529,1536.031755713618,1575.6715552702676,5791
2025-02-25,1570.6112060546875,1611.342442379869,1558.654707582862,1592.7380076971249,2466
2025-02-27,1549.0794677734375,1580.384575623468,1537.9664681942397,1579.3426789217758,7050
2025-02-28,1485.824462890625,1557.811267690597,1438.7925508151295,1549.2780582194903,5854
2025-03-03,1413.0936279296875,1496.2926337726974,1406.2471718928086,1485.328372058936,7015
2025-03-04,1416.0206298828125,1443.7040513812437,1401.5340017704514,1418.8981398454837,4470
2025-03-05,1453.2791748046875,1483.3935275440176,1390.2721587518145,1416.0206467842177,46676
2025-03-06,1431.8963623046875,1473.4710927835051,1407.636230135175,1453.6263642611684,23194
2025-03-07,1419.543212890625,1478.680485730022,1395.7790753734114,1451.5923800688074,14303
2025-03-10,1358.66943359375,1440.777000686954,1347.0601943341933,1432.8886481536754,12156
2025-03-11,1321.6590576171875,1378.9110569342881,1309.7522192602758,1359.3640457474075,10468
2025-03-12,1271.203857421875,1364.374892017731,1242.9746554078922,1334.8558551854935,18291
2025-03-13,1341.900634765625,1367.5499234533227,1265.1015072758835,1277.6036626526745,26468
2025-03-17,1414.4827880859375,1502.1963976056463,1329.5969072382113,1329.5969072382113,48270
2025-03-18,1414.4827880859375,1414.4827880859375,1414.4827880859375,1414.4827880859375,0
2025-03-19,1392.455078125,1454.519520098089,1365.9624118323713,1403.0224211509794,22244
2025-03-20,1389.9249267578125,1445.192450925697,1379.952901561904,1392.10779859166,34025
2025-03-21,1378.2164306640625,1433.7816719291363,1374.1978245878108,1403.0223419431134,30000
2025-03-24,1390.3216552734375,1433.7816599193457,1380.4489511161175,1405.9990395195246,25902
2025-03-25,1366.905029296875,1408.132505862805,1359.4137161152762,1408.132505862805,14018
2025-03-26,1340.759521484375,1377.2242115228953,1337.534752977567,1377.2242115228953,17845
2025-03-27,1323.99072265625,1364.3748200594996,1299.829788596555,1335.0045233580029,28630
2025-03-28,1244.7606201171875,1345.4229590024497,1233.300240729638,1324.6356539310045,59870
2025-04-01,1477.3905029296875,1493.7128661907077,1258.1558945218019,1274.0316786798057,300264
2025-04-02,1772.828857421875,1772.828857421875,1498.2770738596807,1498.2770738596807,722959
2025-04-03,1813.0145263671875,1846.7505681490134,1673.258036327884,1726.3923505833084,417362
2025-04-04,1755.4647216796875,1809.8393289140918,1717.1148788505168,1774.9126534718137,47374
2025-04-07,1643.8878173828125,1686.5539867791974,1577.6560311686565,1612.483508009554,19420
2025-04-08,1680.94775390625,1742.317554413082,1638.5793057339722,1735.4215595010457,24841
2025-04-09,1622.7034912109375,1680.8485221199628,1580.6326421116296,1680.8485221199628,12083
2025-04-11,1622.4554443359375,1656.9356607374125,1600.7254420051618,1637.1901312930524,11692
2025-04-15,1719.5457763671875,1737.4060325556522,1641.1590964289255,1676.879608805855,19140
2025-04-16,1755.1671142578125,1780.1714248278395,1697.815797899939,1737.4060572379951,28368
2025-04-17,1761.12060546875,1815.7928129342124,1730.5596725178582,1756.2586223462054,19592
2025-04-21,1795.947998046875,1834.5460206824607,1732.0479456045516,1743.5578643509368,16848
2025-04-22,1787.61328125,1825.6159882246227,1748.8168577369277,1825.6159882246227,11082
2025-04-23,1794.3604736328125,1815.7927573640616,1737.5052749122024,1815.7927573640616,11970
2025-04-24,1921.267578125,1967.6049740987519,1779.278438466677,1794.3605058988471,29974
2025-04-25,1925.4349365234375,2026.444661106516,1811.9230562111622,1922.9543452627786,35323
2025-04-28,1897.65234375,1958.6748897058824,1838.3165514284021,1876.3192585784313,14605
2025-04-29,1823.829833984375,1921.9620452372756,1811.823796904112,1890.2104781502373,11297
2025-04-30,1769.0584716796875,1847.6435536577244,1752.2896506847378,1847.6435536577244,5446
2025-05-02,1761.12060546875,1781.0645350912082,1727.1860441600136,1746.3362572482042,3714
2025-05-05,1790.98681640625,1815.6935285690088,1726.4914462863574,1748.0229290927216,4642
2025-05-06,1723.1177978515625,1791.2845147590515,1706.6466969773503,1787.6131672140787,3076
2025-05-07,1767.9669189453125,1794.9557013849753,1675.9865292356003,1712.600077717229,6114
2025-05-08,1675.093505859375,1799.8176987654788,1666.9572155183896,1767.9669333363463,11567
2025-05-09,1632.8243408203125,1785.0334423405811,1613.3765298753667,1667.9495367284696,28406
2025-05-12,1734.032470703125,1751.2974099034677,1666.9573080100995,1666.9573080100995,6296
2025-05-13,1754.869384765625,1781.0644516212349,1719.2480715086774,1735.4215743094928,4563
2025-05-14,1792.7728271484375,1805.8702995532963,1744.4508404153953,1780.0721524168205,4646
2025-05-15,1788.803955078125,1820.555522091732,1762.3111686775771,1795.94800920714,4390
2025-05-16,1805.0765380859375,1820.7539227636848,1779.8738286416883,1810.8315580619753,2916
2025-05-19,1829.1878662109375,1859.4510774501205,1821.7460929554006,1834.6451665983311,5167
2025-05-20,1771.63818359375,1845.5597992071548,1752.2895727956104,1845.5597992071548,2270
2025-05-21,1746.336181640625,1791.8798596931622,1731.0557158267463,1775.7063568346034,5481
2025-05-22,1749.114501953125,1766.6770390651304,1716.569097210152,1763.1050119891006,4010
2025-05-23,1778.0877685546875,1785.0334239006042,1741.8711371081217,1785.0334239006042,2018
2025-05-26,1804.481201171875,1814.800484576054,1766.1808980565206,1778.1869349929439,3239
2025-05-27,1798.3294677734375,1824.7229346096071,1781.064528343798,1809.0455493651093,1169
2025-05-28,1804.382080078125,1824.623728956811,1793.0705597233339,1824.623728956811,2520
2025-05-29,1799.6192626953125,1806.763438054134,1786.6209889786157,1805.27508332804,1397
2025-05-30,1777.492431640625,1821.6469544328636,1763.2042022878268,1797.932478641273,2922
2025-06-02,1794.955810546875,1811.7246314536774,1753.9763950577028,1800.8100300628453,2002
2025-06-03,1772.92822265625,1813.1138008157484,1756.9531181441316,1806.763463005526,2869
2025-06-04,1784.0411376953125,1793.9635021986235,1748.4198249039034,1793.9635021986235,2290
2025-06-05,1865.6029052734375,1936.4486112848897,1794.4596010036748,1795.9479556630642,12500
2025-06-06,1842.384765625,1895.1716985168405,1835.637509034636,1893.584144355172,2563
2025-06-09,1839.8048095703125,1871.1595788410789,1827.6995731159848,1827.6995731159848,3170
2025-06-10,1838.3165283203125,1877.0137520985847,1821.8454265263924,1852.5055588213938,3482
2025-06-11,1846.1551513671875,1882.6695019025367,1838.316459031746,1838.316459031746,2374
2025-06-12,1846.8497314453125,1872.5485583045986,1835.6374112411193,1854.489903572785,1857
2025-06-13,1844.5675048828125,1862.5269598612917,1802.0005382379181,1835.6373771023148,2906
2025-06-16,1828.989501953125,1842.6822923286297,1810.8315264172652,1816.7849451342533,1825
2025-06-17,1815.792724609375,1868.1828582274784,1805.9695594156537,1815.792724609375,2098
2025-06-18,1791.0859375,1831.5692318846488,1780.6674550901016,1825.913411617138,2693
2025-06-19,1755.1671142578125,1807.8548465377653,1746.3361854590928,1776.1032795294182,2069
2025-06-20,1735.3223876953125,1782.6520188949348,1722.5225129997657,1781.3621841566958,2197
2025-06-23,1745.6416015625,1756.15928350691,1716.6682251028178,1726.4913899945504,1764
2025-06-24,1790.7884521484375,1810.831580646824,1753.281864659144,1753.281864659144,1367
2025-06-25,1836.7288818359375,1860.4433573893161,1804.9773152031598,1860.4433573893161,2552
2025-06-26,1807.160400390625,1858.4589794029393,1801.5045796216993,1858.4589794029393,1237
2025-06-27,1831.66845703125,1845.5597671062433,1798.9246547116231,1817.777146956257,2311
2025-06-30,1840.4993896484375,1854.4898991737007,1822.7383332167406,1841.2931061237944,1369
2025-07-01,1801.30615234375,1873.3424974601187,1795.9480510608128,1873.3424974601187,2135
2025-07-02,1789.1015625,1811.2284843248754,1782.2551066031351,1802.8936737166318,843
2025-07-03,1796.0472412109375,1805.374288414906,1780.0722579919436,1780.0722579919436,1045
2025-07-04,1782.3544921875,1801.703104141461,1774.9127183590535,1792.475256145139,841
2025-07-07,1771.3404541015625,1807.8548037459148,1757.2507450241576,1807.8548037459148,1365
2025-07-08,1778.385498046875,1795.9480353579584,1757.2508124966544,1795.9480353579584,1246
2025-07-09,1798.8255615234375,1813.7091089113153,1766.9747943379027,1778.3855140019423,895
2025-07-10,1780.568359375,1821.6469737795874,1778.0877681805516,1814.8005178583867,1222
2025-07-11,1790.98681640625,1815.7927279908242,1786.0256340893352,1795.0549616815972,1746
2025-07-14,1838.71337890625,1867.3890371227214,1788.2085183429667,1799.8177577191589,2973
2025-07-15,1863.5194091796875,1872.350338551594,1847.8421446253258,1847.8421446253258,7181
2025-07-16,1846.5521240234375,1868.3813269941606,1831.0732588687215,1863.023225676823,3197
2025-07-17,1926.724853515625,2053.9295223441222,1835.4390969669973,1837.2250499650304,30292
2025-07-18,1912.9327392578125,1948.653252635684,1887.928307219732,1930.8921953704967,3011
2025-07-21,1884.5546875,1950.736808494803,1870.3656581956782,1900.9265884868587,3573
2025-07-22,1865.8013916015625,1908.0706389417405,1861.336327703883,1908.0706389417405,1686
2025-07-23,1836.2327880859375,1877.6091215794283,1829.6840516051495,1861.634017506258,3318
2025-07-24,1866.793701171875,1884.2570386536736,1832.363023315956,1853.4977083754936,2904
2025-07-25,1789.49853515625,1865.7023471206846,1784.0412343836636,1857.6651345393252,6140
2025-07-28,1800.4130859375,1826.012835470695,1786.025657033618,1789.0023664620076,1580
2025-07-29,1828.8902587890625,1834.6452789080217,1795.9480556103404,1819.7617314858367,1920
2025-07-30,1868.182861328125,1883.2648071194455,1838.2172474664594,1847.5442944448932,1507
2025-07-31,1934.0672607421875,1965.1243104110597,1868.083536105815,1868.083536105815,9426
2025-08-01,2176.768310546875,2319.848754118301,1805.8702876370007,1929.8998403593223,364378
2025-08-04,2101.75537109375,2331.7558473824843,2084.688951213021,2177.859864557142,88709
2025-08-05,2009.57666015625,2170.8150936734673,2004.6154775864893,2133.308504997029,20896
2025-08-06,1978.312255859375,2075.9882242606527,1947.944082794651,1997.2301341619902,10354
2025-08-07,2001.511474609375,2051.0962779059287,1972.7364832845642,1978.3122546829527,6482
2025-08-08,1943.164794921875,2006.3903360271893,1932.610634415985,1993.346980989594,7404
2025-08-11,1924.645263671875,1990.3600010760879,1901.844216839751,1966.3641894536968,5316
2025-08-12,1937.3900146484375,1961.385826593034,1921.5587124799422,1939.4809138308335,4786
2025-08-13,1899.45458984375,1981.3989256890795,1877.947972546822,1981.3989256890795,5962
2025-08-14,1885.5150146484375,1927.930986464164,1870.0820086387128,1927.930986464164,2103
2025-08-18,1919.3680419921875,1940.5760277000893,1908.017412332668,1940.5760277000893,2768
2025-08-19,1938.1864013671875,1951.428964862254,1897.761906574508,1897.761906574508,3198
2025-08-20,2009.6761474609375,2146.382639987567,1926.2382970601807,1947.9441222749247,43264
2025-08-21,2036.2607421875,2061.0531449057776,2021.2260309945545,2021.2260309945545,6022
2025-08-22,2010.1739501953125,2054.8799080678314,1994.3426487449626,2022.2216273594702,2848
2025-08-25,2122.386962890625,2162.6122500496504,1988.3686295346004,1988.3686295346004,27806
2025-08-26,2107.053466796875,2141.40435342469,2092.5167156983844,2115.8154806987345,4628
2025-08-28,2021.723876953125,2107.0534201877454,2016.2476487712772,2107.0534201877454,4142
2025-08-29,2017.2432861328125,2056.4728954502943,2016.2476083015526,2041.9361449651428,3296
2025-09-01,2022.819091796875,2049.0053462750575,1992.5504609075085,2028.6936154089317,3573
2025-09-02,2049.702392578125,2067.524927757576,2034.9663126916923,2055.1786204147093,1702
2025-09-03,2035.16552734375,2071.7068558565675,2026.2044266851913,2054.7803323904013,2388
2025-09-04,2092.5166015625,2139.8112979631455,2039.0486297586754,2039.0486297586754,6965
2025-09-05,2119.698486328125,2160.620943365198,2077.78059452238,2096.6984737500015,10926
2025-09-08,2127.46484375,2170.577743885544,2110.837072035483,2149.6685087380224,3869
2025-09-09,2108.546875,2168.586296282761,2091.919103989936,2142.3999209474814,9676
2025-09-10,2091.22216796875,2132.642219310779,2077.18301351283,2129.655185859341,4219
2025-09-11,2108.546875,2161.616551528868,2094.8064724395294,2110.0403917329772,9798
2025-09-12,2073.996826171875,2115.8152931422155,2064.438222201639,2114.9192803698666,3374
2025-09-15,2032.97509765625,2073.9969767600082,2021.2260503230038,2059.1614739203746,3340
2025-09-16,2054.083251953125,2079.7717871918185,2001.312329823452,2016.446583402053,3934
2025-09-17,2042.9317626953125,2057.170003880537,2031.282259486665,2054.0833054602754,3379
2025-09-18,2028.4945068359375,2050.9966801108617,2015.3514864560914,2042.1352445917994,1429
2025-09-19,2012.4639892578125,2041.13955949116,1996.0353049984933,2026.5031439499394,2293
2025-09-22,1986.7755126953125,2037.2563286974612,1963.1778758352598,2012.4639270907198,4454
2025-09-23,1969.55029296875,1997.2301852844862,1948.541515045578,1997.2301852844862,4927
2025-09-24,1950.134521484375,1974.429084196544,1941.5717166834395,1971.0437553563506,2151
2025-09-25,1944.558837890625,1959.3944621400624,1929.8227571174846,1950.1346095330246,1300
2025-09-26,1913.39404296875,1941.5717742584022,1886.8094934459857,1940.9743918671713,4541
2025-09-29,1911.10400390625,1927.4331442226064,1883.8224077309926,1903.7359638380856,2052
2025-09-30,1909.8095703125,1926.6365494977908,1853.9520698526546,1892.5844172400264,3555
2025-10-01,1866.9954833984375,1911.4026905142107,1861.9175507503865,1911.4026905142107,3201
2025-10-03,1819.00390625,1891.7879334877503,1812.1337047093186,1891.7879334877503,10965
2025-10-06,1786.146484375,1818.1077184243015,1781.2676386971937,1817.1120405938393,8933
2025-10-07,1768.0250244140625,1803.969090300824,1757.6700725073072,1803.969090300824,4983
2025-10-08,1755.9774169921875,1792.1205712563644,1750.6007323394504,1792.1205712563644,4329
2025-10-09,1752.592041015625,1769.3194769215534,1742.43617592162,1760.7566720227076,4450
2025-10-10,1734.271728515625,1756.2761847018348,1727.6006139920448,1732.579003244251,24120
2025-10-13,1688.6695556640625,1747.4145461028477,1679.7084554276375,1734.2716477065048,8755
2025-10-14,1712.964111328125,1729.1935865415535,1675.4269853447054,1692.6522599007756,4745
2025-10-15,1713.6611328125,1727.5010793126528,1709.5788779134439,1712.864663453715,2510
2025-10-16,1715.951171875,1722.5226211500378,1693.8470514409794,1720.5312655186503,2571
2025-10-17,1706.2930908203125,1739.4492119957574,1700.617775666144,1721.1287151624754,2943
2025-10-20,1682.9942626953125,1723.1200057948658,1678.0158736103033,1722.522623413205,4089
2025-10-21,1726.50537109375,1741.440538663765,1682.9942981901877,1683.093841665447,3477
2025-10-23,1708.284423828125,1729.9902493871582,1698.1285584631933,1729.9902493871582,3702
2025-10-24,1677.7171630859375,1711.6697531757527,1666.2668679076062,1711.5702097001345,2747
2025-10-27,1639.5826416015625,1691.6566409676786,1632.3142663346812,1691.6566409676786,11445
2025-10-28,1614.4915771484375,1656.0112934200954,1585.81600745712,1656.0112934200954,11509
2025-10-29,1609.81201171875,1618.773112453482,1588.4049377413342,1617.8769780714674,11310
2025-10-30,1588.9027099609375,1637.392171061519,1575.9588983319927,1619.7687223068829,20545
2025-10-31,1596.370361328125,1610.508938321032,1574.2662399136432,1595.075931493226,5770
2025-11-03,1622.5565185546875,1625.4440084831976,1596.3702653405783,1596.3702653405783,6859
2025-11-04,1596.7684326171875,1630.721142690462,1592.1883390647324,1628.5305786139318,2149
2025-11-06,1584.521728515625,1612.699338277611,1574.1666547388463,1604.733915609736,2178
2025-11-07,1594.8768310546875,1600.0543072650962,1567.2964816441581,1574.1666831276398,5225
2025-11-10,1610.4093017578125,1618.872563077411,1585.417813228479,1598.5607116018343,11399
2025-11-11,1632.8121337890625,1670.7474356413895,1617.1799185871753,1667.6608586087577,8058
2025-11-12,1676.2236328125,1772.3065437518562,1566.8981580696015,1632.812103577456,78291
2025-11-13,1700.5181884765625,1727.0031944197165,1672.7387527386127,1672.7387527386127,9016
2025-11-14,1672.63916015625,1694.5440717513743,1648.8424364330065,1692.6522596232555,10207
2025-11-17,1658.69970703125,1678.812350407085,1637.8900162547916,1672.639196531291,3820
2025-11-18,1679.5093994140625,1696.834096289378,1648.8424738675606,1655.5134666604506,3038
2025-11-19,1663.6781005859375,1691.6566231344168,1652.7256445209118,1672.7387444766453,2097
2025-11-20,1687.97265625,1691.5570720921576,1649.4398517043737,1688.669582106666,3316
2025-11-21,1664.57421875,1682.695506355206,1645.8554272219856,1681.4010765793905,2244
2025-11-24,1635.898681640625,1662.781983164847,1618.9721584587073,1662.781983164847,2566
2025-11-25,1639.7818603515625,1661.7863163250975,1617.9764913291092,1661.7863163250975,3126
2025-11-26,1645.357666015625,1652.8252499763616,1624.14967895005,1637.4917866017743,2781
2025-11-27,1638.4874267578125,1647.6477357978074,1615.8855884405202,1647.6477357978074,3062
2025-11-28,1646.7515869140625,1654.6174660775423,1625.9418959639743,1642.8684190695392,4036
2025-12-01,1639.2840576171875,1652.8252522426824,1628.0328491505006,1650.1369706302141,5028
2025-12-02,1639.1844482421875,1643.8640853921222,1626.1409715297473,1639.5826221371328,880
2025-12-03,1635.10205078125,1642.868386315458,1595.0758514408267,1642.868386315458,3627
2025-12-04,1637.2926025390625,1647.9463064074278,1605.1321609051702,1645.855407330974,2392
2025-12-05,1646.2537841796875,1648.8425222853623,1617.080374510092,1641.6736903707695,3731
2025-12-08,1594.5780029296875,1631.915920575559,1576.4567155159714,1631.8163771037102,2760
2025-12-09,1596.5694580078125,1603.0413641363132,1547.4824906007166,1586.6126793485807,9003
2025-12-10,1586.6126708984375,1597.8638793405298,1574.1666976406839,1597.8638793405298,1233
2025-12-11,1598.9591064453125,1603.0413613800367,1574.166703317912,1592.9850392600451,3284
2025-12-12,1598.1624755859375,1603.8379121956914,1585.1191201993706,1599.1581534252587,3190
2025-12-15,1587.2099609375,1606.1278391883468,1573.1709282283066,1606.1278391883468,2938
2025-12-16,1580.5390625,1600.3530762630016,1567.5952502935688,1596.071612839176,1928
2025-12-17,1592.885498046875,1594.0802628685437,1545.988973341685,1589.3009604964518,3925
2025-12-18,1568.093017578125,1585.2186274055402,1557.339648542407,1577.4524133621458,1899
2025-12-19,1579.0455322265625,1593.0845656528368,1555.2488072185818,1574.3657733893333,7172
2025-12-22,1576.157958984375,1591.093125999388,1558.3353020379193,1578.1493145863767,2044
2025-12-23,1586.11474609375,1593.0844907407406,1569.9848142420803,1588.1061017071759,3670
2025-12-24,1576.85498046875,1599.3573973703658,1556.5432493305282,1589.201410258547,1219
2025-12-26,1579.742431640625,1590.0975054524254,1569.3873578288246,1581.0368614456142,1354
2025-12-29,1576.85498046875,1581.2359873674145,1562.616859976475,1571.8765911617922,4584
2025-12-30,1573.0714111328125,1583.1277327999192,1554.4521629849528,1570.4826731109883,3060
2025-12-31,1592.7857666015625,1598.0629076863931,1560.2271503704537,1569.6860896994385,3733
2026-01-01,1587.2099609375,1598.06287329521,1569.7855993906676,1595.5736787885198,1464
2026-01-02,1597.266357421875,1608.0197268126894,1582.4308546996876,1587.6083308995871,3733
2026-01-05,1585.7164306640625,1598.5606985172128,1569.1882035896153,1597.9633161492593,3694
2026-01-06,1574.1666259765625,1596.9676722552886,1563.2141700083512,1583.8246521678136,1756
2026-01-07,1618.5738525390625,1636.8943488788507,1582.0325248764275,1588.1061353173764,16334
2026-01-08,1583.0281982421875,1622.954854715293,1576.4567489058686,1618.573847976846,4762
2026-01-09,1553.854736328125,1592.8853786609964,1548.7768039025582,1570.283419879647,2395
2026-01-12,1538.919677734375,1550.2704296589163,1505.664012866676,1531.3525502989166,5018
2026-01-13,1508.3524169921875,1545.391584830205,1489.235329121995,1545.391584830205,5861
2026-01-14,1480.1746826171875,1522.3914481968516,1467.330413912479,1508.3524146770244,6344
2026-01-16,1503.772216796875,1529.1620004746774,1473.5035876332297,1477.5858422689641,4895
2026-01-19,1456.6766357421875,1528.3654380480232,1443.2349853098433,1528.3654380480232,4053
2026-01-20,1404.2044677734375,1461.3562769844118,1393.9489376862366,1457.6723176947503,5410
2026-01-21,1408.5853271484375,1430.4902386256704,1380.90555738919,1388.9705232154497,4654
2026-01-22,1428.6981201171875,1472.6074874214155,1416.6504428721112,1416.6504428721112,6591
2026-01-23,1373.9359130859375,1450.1052699172085,1366.0700336275,1447.7156187276858,3037
2026-01-27,1398.529052734375,1404.9014151413598,1354.420597884829,1379.0137916164306,2849
2026-01-28,1429.992431640625,1442.737156310692,1404.9013992783896,1404.9013992783896,4565
2026-01-29,1433.676513671875,1442.7371575022373,1413.8625007958435,1439.8496675230576,2343
2026-01-30,1477.3868408203125,1517.114289757403,1394.9446663140081,1453.6896593993233,22837
2026-02-02,1494.3133544921875,1523.3870988732085,1470.3174212561642,1523.3870988732085,2644
2026-02-03,1497.20068359375,1522.3913809605376,1492.3219595285614,1505.4648580852404,4342
2026-02-04,1520.79833984375,1533.3438561766548,1501.9800045730412,1508.4519104595013,3480
2026-02-05,1508.2528076171875,1523.2875183633748,1498.4951163818064,1514.4259614729087,3724
2026-02-06,1502.9757080078125,1540.1145402676186,1488.6379227219195,1540.1145402676186,2726
2026-02-09,1511.43896484375,1517.4130318984683,1497.3999315737028,1502.975703182899,1650
2026-02-10,1540.6123046875,1553.257364098659,1506.1617556598699,1509.5470844799067,13077
2026-02-11,1523.486572265625,1538.222652272351,1518.4086398115167,1532.9455113333033,2344
2026-02-12,1577.8505859375,1585.0195391362286,1521.096950442068,1523.3870580352802,2973
2026-02-13,1557.8375244140625,1572.1753096209836,1536.430450850509,1572.1753096209836,1550
2026-02-16,1563.7120361328125,1621.959189341198,1548.4781166766147,1562.2185193838795,2682
2026-02-17,1573.967529296875,1579.543300719488,1553.3569257221702,1562.7163214365748,1301
2026-02-18,1575.062744140625,1586.214286940271,1559.8288251060526,1586.214286940271,1340
2026-02-19,1565.0064697265625,1588.1061468823143,1531.5515972351916,1586.3138781621678,2261
2026-02-20,1565.5042724609375,1583.127721116665,1543.3006086357425,1575.9588894871795,3809
2026-02-23,1578.1494140625,1591.0932262914039,1548.3786216274798,1571.3787559718364,2275
2026-02-24,1541.4088134765625,1579.6428661882735,1533.3438474188094,1579.6428661882735,5137
2026-02-25,1552.26171875,1568.1925638430084,1533.4433836753433,1548.975933332486,3768
2026-02-26,1561.5216064453125,1585.816048528249,1529.4607070438435,1551.9630019388464,2388
2026-02-27,1555.3482666015625,1565.8028834984038,1544.5950192904313,1565.8028834984038,1867
2026-03-02,1535.7335205078125,1553.1578826599698,1495.50811157372,1495.50811157372,2001
2026-03-04,1503.672607421875,1515.5211978851391,1479.6767960725301,1494.5124200201785,3588
2026-03-05,1502.776611328125,1543.300650766658,1498.9929869220668,1513.430315590529,4593
2026-03-06,1467.7286376953125,1522.2918303852587,1463.6463829765034,1510.9410790250638,3431
2026-03-09,1445.92333984375,1476.6898100298838,1433.7761185674146,1473.7027764495351,3267
2026-03-10,1439.351806640625,1475.5945029514821,1419.0399551659511,1475.5945029514821,3148
2026-03-11,1444.4298095703125,1553.2574472822337,1433.7761051836003,1461.0577026046628,14095
2026-03-12,1429.2955322265625,1453.6896391854973,1417.944780598354,1444.4297867023708,2676
2026-03-13,1394.6458740234375,1435.4686646483117,1372.9401704704674,1428.3993764340082,4152
2026-03-16,1433.676513671875,1488.5383371054832,1372.3427844247647,1394.4467833553372,14718
2026-03-17,1409.8797607421875,1460.758871867211,1397.533331749182,1453.7891272872707,6020
2026-03-18,1395.4425048828125,1433.776102055833,1384.9878874719886,1413.8625450828354,9050
2026-03-19,1416.75,1428.797677361195,1382.6977454954563,1416.3517045618812,4763
2026-03-20,1388.9705810546875,1443.7328620281698,1379.212889645967,1417.048647409464,4315
2026-03-23,1342.07421875,1388.9706218902252,1330.3251713240961,1388.9706218902252,6970
2026-03-24,1364.3773193359375,1368.5591174217839,1312.303322489568,1346.7537495908455,4422
2026-03-25,1373.3385009765625,1399.9230508355174,1354.121869940472,1359.797185042993,7017
2026-03-27,1311.7060546875,1362.8839216873114,1304.3380141160128,1359.1002971514179,7441
2026-03-30,1253.657958984375,1329.2299322500542,1233.9436104429194,1311.706026365636,7073
2026-04-01,1359.6976318359375,1373.935873542406,1269.4892439837508,1269.4892439837508,3432
2026-04-02,1413.26513671875,1421.7283982767935,1326.6411654776002,1364.0786275905218,2761
2026-04-06,1410.6763916015625,1423.6202033313748,1393.948955518262,1413.3646731129807,1599
2026-04-07,1420.732666015625,1433.676477314379,1393.9489090965865,1433.676477314379,1174
2026-04-08,1417.5465087890625,1463.7459854145561,1408.8841600967164,1433.6765629115534,6809
2026-04-09,1422.3258056640625,1437.7588123058497,1415.953443129235,1437.7588123058497,1896
2026-04-10,1448.31298828125,1453.6896730242647,1418.6418610314477,1419.2392434378476,2523
2026-04-13,1444.5294189453125,1478.5815515146294,1414.8581715166924,1448.3129217070689,1647
2026-04-15,1441.5423583984375,1488.5383016460353,1416.3516615996555,1464.3432826409964,4258
2026-04-16,1476.39111328125,1483.559944934996,1439.750121057721,1462.8497977577488,2826
2026-04-17,1484.5556640625,1521.993126654529,1473.6032077883972,1475.6941069503666,7091
2026-04-20,1473.005859375,1523.387135089686,1456.9754700397873,1523.387135089686,2975
2026-04-21,1495.4085693359375,1508.3523812311078,1467.13129442564,1468.525267707507,2871
2026-04-22,1482.9625244140625,1518.3090859514239,1468.02735756729,1493.7157716181193,6435
2026-04-23,1470.815185546875,1513.0319482310929,1459.962394849551,1486.746030216942,5615
2026-04-24,1485.55126953125,1513.231160837987,1443.8323456293056,1477.585847174514,6250
2026-04-27,1661.487548828125,1688.5700587708923,1473.6031906387643,1512.4346260677587,38113
2026-04-28,1692.054931640625,1792.2200972094572,1609.0153761613794,1677.617603079771,18282
2026-04-29,1648.4442138671875,1705.0983074872768,1643.2667376965712,1687.6739452209833,2731
2026-04-30,1627.13671875,1683.2929746577972,1595.0759401065154,1648.4442493745712,916
2026-05-01,1627.13671875,1627.13671875,1627.13671875,1627.13671875,0
2026-05-04,1657.4052734375,1676.0245215811024,1608.4179733527276,1608.4179733527276,1743
2026-05-05,1625.7427978515625,1664.0763940332918,1612.998073101335,1657.3057362204765,1595
2026-05-06,1651.032958984375,1689.6653081049772,1615.5868519030887,1615.5868519030887,1889
2026-05-07,1630.9202880859375,1675.7257905058807,1606.6257246874718,1642.7688785899743,3844
2026-05-08,1639.1844482421875,1660.093682520343,1617.9764620001201,1618.9721398228894,3001
2026-05-11,1723.0205078125,1741.341004437568,1619.0717166645338,1635.8986965246677,10968
2026-05-12,1687.6739501953125,1807.752674201553,1669.6522054781692,1742.7349837361712,14582
2026-05-13,1699.8211669921875,1735.964321353539,1657.8036105842514,1669.7517447145883,3430
2026-05-14,1732.678466796875,1741.4404800936718,1662.4831815786908,1718.1415951595216,10512
2026-05-15,1823.484375,1981.3988521764795,1725.41011020634,1737.955626368867,187800
2026-05-18,1772.9039306640625,1850.5668018804295,1749.405958040472,1802.176883354157,17470
2026-05-19,1788.7352294921875,1839.4152555714784,1747.4145993647587,1772.903927616752,15722
2026-05-20,1831.151123046875,1863.8094053833083,1786.445162945686,1801.1812438507684,17158
2026-05-21,1873.76611328125,1909.7100582654002,1861.6187709547744,1869.9824889491488,19295
2026-05-22,1867.094970703125,1906.7229959461354,1851.9607166891967,1881.831050829345,17945
2026-05-25,1886.5107421875,1911.6018965129617,1875.8570379879832,1901.7446616544842,6721
2026-05-26,2147.07958984375,2229.02392442193,1867.1946957962748,1882.2294068220301,137521
2026-05-27,1981.39892578125,2169.781126791209,1964.1736503219486,2148.6728049426824,24328
2026-05-28,1981.39892578125,1981.39892578125,1981.39892578125,1981.39892578125,0
2026-05-29,2000.515869140625,2069.9145660280783,1969.4507691244003,1990.3600037814338,19894
2026-06-01,2008.3817138671875,2061.6505989775874,1982.3945469772816,2021.225982101397,10866
2026-06-02,2006.6890869140625,2020.2302808507513,1962.1822157853717,1986.3772352376782,4673
2026-06-03,1948.4420166015625,2023.3169425976105,1916.6798687536746,2021.4251303666629,8024
2026-06-04,1914.091064453125,1984.1868072521872,1901.9437221299984,1956.9052106902334,3807
2026-06-05,1953.12158203125,2009.2778352333285,1907.7186978726747,1907.7186978726747,5164
2026-06-08,1954.7147216796875,2006.0917963727538,1923.848708090038,1941.5718225747262,3787
2026-06-09,1934.004638671875,1961.485322433983,1907.7187196870616,1932.610665403229,8795
2026-06-10,1930.818359375,1984.4854176103004,1915.6841052891723,1917.675460907976,4493
2026-06-11,1951.428955078125,2010.0744021237072,1915.6840975563455,1927.2339357902447,6207
2026-06-12,1944.459228515625,1981.3988511301645,1916.6797931786768,1971.939911891101,3037
2026-06-15,2057.66796875,2083.9537670969903,1956.507000642898,1970.4464907238143,14168
2026-06-16,2045.5203857421875,2084.6505721031203,1998.3253550104803,2057.667849433791,5742
2026-06-17,2043.7283935546875,2075.988257735699,2024.511762983506,2045.5204191649839,4012
2026-06-18,2049.802001953125,2139.7117630909697,2030.4859483245825,2043.827934675998,9589
2026-06-19,2067.42529296875,2099.286982665578,2007.585202858136,2049.8018444722725,11530
2026-06-22,2139.811279296875,2165.599237348845,2070.9101803575,2070.9101803575,15552
2026-06-23,2107.451904296875,2183.5215973204745,2088.1356075162944,2141.703126236361,7398
2026-06-24,2230.21875,2277.8122005090395,2111.9324142431356,2144.789783750135,47612
2026-06-25,2221.158203125,2304.994229731858,2195.5693309195735,2230.218725736197,20742
2026-06-26,2221.158203125,2221.158203125,2221.158203125,2221.158203125,0
2026-06-29,2189.097412109375,2265.0674373831444,2120.8934795755117,2253.4180551878735,13934
2026-06-30,2156.53857421875,2210.8030174498244,2142.200910305623,2185.0150581760117,2593
2026-07-01,2189.097412109375,2213.292189328241,2153.850270466905,2155.542874190079,4157
2026-07-02,2157.6337890625,2194.9717065012837,2132.841509117308,2194.9717065012837,2104
2026-07-03,2188.89794921875,2285.0805206556706,2157.6337639480776,2157.6337639480776,10286
2026-07-06,2159.12744140625,2249.2362878195613,2145.187951353362,2208.612582476919,3069
2026-07-07,2196.067138671875,2208.4134466398455,2159.525567516585,2159.625232534637,5665
2026-07-08,2078.776123046875,2183.3222902157268,2058.2650634919705,2161.018962035134,8575
2026-07-09,2093.11376953125,2143.296075231538,2070.1137587850044,2078.9751937464134,2790
2026-07-10,2111.73291015625,2145.685619749319,2100.0835287264304,2100.5813676173234,3515
2026-07-13,2534.0,2534.0,2100.880157170923,2100.880157170923,482367
2026-07-14,2386.800048828125,2660.0,2341.0,2630.0,290133
